sentiment,words,freq,% words,% freq
pos,14829,104016,36.434889434889435,35.85411000692843
neu,12043,73636,29.58968058968059,25.382183937761326
neg,13828,112457,33.975429975429975,38.763706055310244
