sentiment,words,freq,% words,% freq
pos,11731,77646,29.65518984781839,26.70661112964638
neu,19984,168867,50.51822640173922,58.082390614197706
neg,7843,44224,19.82658375044239,15.210998256155909
