sentiment,words,freq,% words,% freq
pos,14830,104028,36.434660835810625,35.7807915745158
neu,12044,73645,29.58995651426185,25.330453296278076
neg,13829,113064,33.975382649927525,38.88875512920612
