sentiment,words,freq,% words,% freq
pos,11730,77639,29.654910883579827,26.762010141015963
neu,19983,168255,50.51952976867653,57.997166582215655
neg,7842,44215,19.82555934774365,15.240823276768387
