sentiment,words,freq,% words,% freq
pos,9251,170711,41.633663366336634,52.57483038241336
neu,5319,46939,23.93789378937894,14.456068814078183
neg,7650,107051,34.428442844284426,32.96910080350846
