sentiment,words,freq,% words,% freq
pos,8899,153405,40.21056436672541,47.24500386509435
neu,8584,134596,38.78722154443992,41.452289952910526
neg,4648,36700,21.002214088834666,11.302706181995127
